,ugCollege
MU,1474
VTU,1471
Anna University,898
Pune University,617
JNTU,611
BITS Pilani,562
University of Pune,490
University of Mumbai,411
Amrita School of Engineering,404
Manipal Institue of Technology,369
SRM,351
R V College of Engineering,349
VIT,342
PESIT,312
SASTRA,310
SSN College of Engineering,302
VIT University,293
CEG,276
GITAM,250
NIT Calicut,243
PSG College of Technology,235
UPTU,232
Jaypee Institute of Information Technology,232
MSRIT,207
NIT Warangal,203
GGSIPU,201
K J Somaiya College of Engiineering,201
COEP,187
Osmania University,180
BITS Goa,179
West Bengal University Of Technology,169
Thapar University,163
NITK Surathkal,157
NIT Tirchy,153
BMSCE,152
BIT Mesra,150
Madras Institute of Technology,149
Sri Venkateswara College of Engineering,147
Delhi College Of Engineeing,135
Sardar Patel College of Engineering,126
BITS Hyderabad,125
Gujarat Technological University,122
Guru Gobind Singh Indraprashta University,120
VJTI,111
Amrita Vishwa Vidhyapeetham,108
NIT Rourkela,106
D J Sanghvi,103
NIT Kurukshetra,101
RGPV,97
SJCE,97
Nirma Institute of Technology,97
WBUT,95
St Joseph's College of Engineering,95
DA-IICT,89
Nagpur University,85
Amity University,84
NIT Durgapur,82
PICT,81
IIT Roorkee,79
Coimbatore Insitute of Technology,78
NIT Allahabad,76
Cochin University of Science and Technology,74
MDU,74
Netaji Subhas Institute of Technology,70
KIIT,70
Panjab University,70
IIT Kharagpur,70
Rajasthan Technical University,69
IIT Madras,66
NIT,66
IIT Guwahati,66
Goa University,65
Maharishi Dayanand University,65
Sir MVIT,65
Bangalore Institute of Technology,63
NMIMS,63
Sri Sairam Engineering College,62
NIT Nagpur,61
ISM Dhanbad,59
CBIT,58
IIT BHU,57
NIT Karnataka,56
VNIT Nagpur,56
NIT Silchar,55
BNMIT,51
Jadavpur University,51
RNSIT,50
Sri Jayachamarajendra College of Engineering,49
Velammal Engineering College,49
Bharati Vidyapeeth,48
Veermata Jijabai Technological Institute,48
JSS Noida,48
Walchand College Of Engineering,48
VESIT,47
Medicaps Institute of Science & Technology Indore,46
Thiagarajar College of engineering,45
Biju Patnaik University of Technology,45
IIT Bombay,44
CoE Trivandrum,44
Dayananda Sagar College of Engineering,43
Dharamsinh Desai University,43
Pondicherry University,43
University of Calicut,42
Model Engineering College,42
NSIT,42
Shivaji University,41
Pondicherry Engineering College,41
Punjab Technical University,41
Maharaja Agrasen Institute Of Technology,40
NIT Surat,39
Kurukshetra University,39
YMCA,39
Andhra University,39
Dhirubhai Ambani Institute of Information & Communication Technology,39
NIT Raipur,39
UVCE,38
Visvesvaraya NIT Nagpur,38
BITS Dubai,38
SPCE,37
IIIT Allahabad,37
Mepco Schlenk Engineering College,37
Siddaganga Institue of Technology,37
The LNM Institute of Information Technology,37
Jamia Millia Islamia,36
Vidyalankar Institute of Technology,36
SVCE,36
RMK Engineering College,36
SNIST,35
Vishwakarma Institute of Technology,35
L D College Of Engineering,34
VIT Pune,34
NIT Surathkal,33
Fr. Conceicao Rodrigues College of Engineering,33
Sathyabama University,33
NIT Hamirpur,33
IIT Kanpur,33
PEC University of Technology,33
NIT Bhopal,33
University of Kerala,32
MNNIT,32
Vignan Institute of Technology and Science,31
Thadomal Shahani Engineering College,30
University Vishweriah College of Engineering,30
BVBCET,30
Sreenidhi Institute of Science & Technology,29
SIES Graduate School of Technology,29
B M S College of Engineering,28
IIT,28
IIIT Hyderabad,28
NIT Jalandhar,28
Symbiosis Institute of Technology,28
BPUT,28
MIT,27
GTU,27
VNR VJIET,27
IIT (BHU) Varanasi,26
Vasavi College of Engineering,26
BESU Shibpur,25
RGTU,25
Atharva College,25
B V Bhoomaraddi College of Engg & Tech (Affiliated to VTU),25
MVSR,25
Sinhgad College of Engineering,24
Don Bosco Institute of Technology,24
NIT Jamshedpur,24
RAIT,23
Sri Ramakrishna Engineering College,23
Datta Meghe College of Engineering,23
D j Sanghvi,23
Sree Vidyanikethan Engineering College,23
IIT Indore,23
Sardar Patel University,23
DSCE,23
Shah And anchor Kutchhi Engineering College,22
CSVTU,22
Amity School of Engineering and Technology,22
SVITS,21
Mahatma Gandhi University Kerala,21
Chitkara University,21
Jain University,21
CMRIT,21
Guru Nanak Dev University Amritsar,20
Punjab Engineering College,20
LNMIIT,20
Rajiv Gandhi Technical University,20
Panimalar Engineering College,19
Bangalore University,19
SGSITS,19
BVM Engineering College,18
M.V.S.R Engineering College,18
NIT Srinagar,18
SVNIT Surat,18
Rajiv Gandhi Prodyogiki Vishwavidyalaya,18
Bangladesh University of Engineering & Technology,18
CVRCE,18
Calicut University,17
Punjabi University,17
Nagarjuna University,17
College Of Engineering Roorkee,17
Sikkim Manipal Institute of Technology,17
Maharashtra Institute of Technology,17
GNDU,17
New Horizon College of Engineering,16
Thakur College of Engineering and Technology,16
MNM Jain Engineering College,16
MAIT GGSIPU,16
Chaitanya Bharathi Institute of Technology,16
Institute of Technical Education and Research,16
Ramrao Adik Institute of Technology,16
NIT-Trichy,16
Valliammai Engineering College,16
Banasthali University,16
Kerala University,16
St Francis Institute of Technology - Mumbai Unversity,15
Indira Gandhi Institute Of Technology,15
CUSAT,15
MIT Pune,15
Sardar Vallabhbhai National Institute of Technology,15
Charotar University of Science and Technology,15
VIIT,14
SVNIT,14
NIT Delhi,14
YCCE,14
Sri Krishna College Of Engineering And Technology,14
Shiv Nadar University,14
IET DAVV,14
Chhattisgarh Swami Vivekanand Technical Unveirsity,14
SDM,14
NIT ALLAHABAD,13
Rajiv Gandhi Institute Of Technology,13
Lakshmi Narain College of Technology,13
Mahrishi Dayanand University,13
Maharaja Sayajirao University Of Baroda,13
IIITDM Jabalpur,13
RTM Nagpur University,13
FCRIT,13
Mody Institute of Technology and Science,13
VSS Univ of Technology,13
National Institute of Engineering,13
Sapthagiri College of Engineering,13
Maharaja Surajmal Institute of Technology,13
BIT,12
IIITDM Kancheepuram,12
SRMSCET Bareilly (affiliated to Uttar Pradesh Technical University),12
DDIT,12
Assam Engineering College,12
University of Madras,12
College of Engineering and Technology,12
Nanjing University,12
The National Institute of Engineering,12
NIE,12
IIT Allahabad,12
Reva Institute of Technology,12
Yeshwantrao Chavan College of Engineering,12
BMSIT,12
IT BHU,12
IIT Ropar,12
University of Delhi,12
S.J.B. Institute of Technology,11
RVR & JC College of Engineering,11
VIT Mumbai University,11
NMAMIT Nitte,11
NMAM Institute of Technology Nitte,11
Gogte Institute of Technology,11
Motilal Nehru National Institute of Technology,11
RMD Engineering College Anna University,11
VCET,11
D Y Patil College of Engineering,11
ITM University Gurgaon,11
ITM Gurgaon,10
MNIT,10
Kathmandu University,10
IIT Mandi,10
TSEC,10
Rashtreeya Vidyalaya College of Engineering,10
Manav Rachna,10
U.P.Technical University,10
Koneru Lakshmaiah College of Engineering,10
College of Technology Pantnagar,10
GBPUAT Pantnagar,10
FRCRCE,10
NUST,10
Jalpaiguri Government Engineering College,10
NITC,10
IIT X,10
GLA Institute of Technology and Management,10
Government College of Engineering Aurangabad,10
IIT Hyderabad,10
Indraprastha University,10
IIT Bhubaneswar,10
IIITDM,10
Chhatrapati Shahuji Maharaj University Kanpur,10
NIT Paatna,9
IP University Delhi,9
IIT Delhi,9
Dr. Ambedkar Institute of technology,9
TU,9
Graphic Era University,9
FRCRCE-Mumbai University,9
Gautam Buddh Technical University,9
Nit Allahabad,9
Nitte Meenakshi Institute of Technology (Autonomous) / VTU,9
National Insititute of Technology Karnataka,9
JSSATE,9
J.N.T. University Hyderabad,9
Dr. Babasaheb Ambedkar Technological University Lonere,9
H B T I Kanpur India,9
K.I.E.T.,9
GRIET,9
Bharathiar University,9
C.S.V.T.U.,9
GKV,9
IP University MAIT,9
MNMJEC,8
R.N.S.I.T / VTU,8
University of Dhaka,8
MJCET,8
NIT Goa,8
MG University,8
Malaviya NIT Jaipur,8
Ramdeobaba Kamla Nehru Engg College,8
Bapatla Engineering College,8
Sri Bhagawan Mahaveer Jain College of Engineering,8
Ajay Kumar Garg Engineering College,8
Institue of Engineering And Management,8
Acharya Nagarjuna University,8
Siksha 'O' Anusandhan University,8
Not too well known,8
Delhi University,8
NIT Patna,8
Chattisgarh Swami Vivekanand Technical University,8
Dr Ambedkar Institute of Technology,8
IGIT,8
SRKNEC Nagpur,8
Malnad College Of Engineering,8
NIT Jaipur,8
Govt. Engineering College Thrissur Calicut University,8
Galgotias College of Engineering and Technology,8
International Institute of Information Technology Hyderabad,8
SNDT,8
GCET Sardar Patel University,8
PES,8
NIT-Durgapur,8
JBIET,8
IEM,8
S.S.N college of Engg.,8
IIT Patna,8
IPS Academy Indore [RGPV University Bhopal],8
university pf Pune,7
NIT - Surat,7
SJBIT,7
KLE College of Engineering and Technology Belgaum,7
DMCE University of Mumbai,7
B K Birla Institute of Engineering and Technology Pilani,7
Engineering,7
PTU,7
Aligarh Muslim University,7
Institute of Engineering and Technology Lucknow,7
DCE,7
Institute of Chemical Technology,7
thakur mumbai university,7
IIIT Jabalpur,7
Mody University,7
Nationl Institute of Technology Jamshedpur,7
Chandigarh Engineering College Landran,7
KU,7
VRSEC,7
Anna University / Sri Ramakrishna Engineering College,7
Institute of Engineering & Management,7
MIT College of Engineering,7
SATHAGIRI COLLEGE OF ENGINEERING VTU,7
Zhejiang University,7
MITCOE-Pune University,7
M.S.U.,7
National University of Sciences and Technology,7
RGMCET,7
Dr.Ambedkar Institute of Technology,7
SKCET (Anna University Chennai),7
Chulalongkorn,7
M.I.T Aurangabad,7
SMVDU Jammu,7
Vidyavardhini\'s College of Engg and Technology,7
NIT-WARANGAL,7
Bannari Amman Institute of Technology,7
GECA,7
SCSVMV University,7
Bhilai Institute of Technology,7
Clemson University,7
MSU,7
DTU,6
B.S.A Crescent Engineering College,6
Univ Of Pune,6
Galgotias College Of Engineering And Technology,6
Anil Neerukonda Institue of Technology and Sciences,6
Jaya Engineering College,6
Apeejay College of Engineering,6
M.D.U.,6
KLUniversity,6
Global Academy Of Technology,6
St. Peters University,6
P.U.,6
Dr. AIT VTU,6
ITM University,6
GZSCET Punjab Technical University,6
School of Engineering and Technology - Jain University Bangalore,6
U.V. Patel College of Engineering Ganpat University,6
CHARUSAT,6
ASE Blr,6
IES IPS Academy,6
JNVU/MBM Engg College Jodhpur Rajasthan,6
St.Peter's Engineering College,6
SK University,6
FCRIT Vashi,6
RTU,6
RKNEC,6
Vaish College of Engineering,6
LNCT,6
Moscow Aviation Institute(National Research University) Moscow Russia,6
CVSR/ JNTU-Hyderabad,6
Nitte institute of technology,6
Kakatiya University,6
Dr.BAMU Aurangabad/MIT Aurangabad,6
CITM Faridabad Haryana (affiliated to Maharshi Dayanand University Rohtak),6
univ of kerala,6
EEC,6
MGIT JNTU,6
NIT Alld,6
JUIT,6
NITJ,6
University of Manchester,6
MITCOE University of Pune,6
CSPIT,6
Gayatri College of Engineering,6
IIT Jodhpur,6
Dr. M.G.R. EDUCATIONAL AND RESEARCH INSTITUTE UNIVERSITY,6
BIT Durg,6
NIT- Surat,6
The Maharaja Sayajirao University,6
Sarvajanik College of Engineering & Technology,6
SIT,6
M. N. M Jain Engineering College - Affiliated to Anna University,6
National Taiwan University,6
BVCOE,5
NMU,5
KL University,5
Dr. B.R Ambedkar NIT Jalandhar,5
MRCE - affiliated to MDU,5
AISSMS College of Engineering Pune,5
Maulana Azad National Institute of Technology,5
GGITS,5
Kumaun University,5
BLDEA's CET,5
G.H.Patel college of Engg. & Tech.,5
BIT VTU,5
SRKNEC,5
University School of Technology IP Univ Delhi,5
SET JAIN UNIVERSITY,5
SRR Engineering College,5
Government Engineering College ajmer,5
Vidyavardhaka College of Engineering,5
University College of Engineering Punjabi University,5
Government Engineering College Thrissur Kerala,5
Saveetha Engineering College,5
RCOEM - NAGPUR UNIV,5
M G university Kerala,5
Uttarakhand Technical University,5
Amravati University,5
Vivekananda College of Engineering an Technology (VTU),5
ASIET,5
SSCET Bhilai,5
G. H. Patel College of Engineering and Technology,5
University of Zurich,5
AMU Aligarh,5
Keio,5
Fr. CRIT Vashi,5
Sri Sairam Institute of Technology,5
DMI College of Engineering,5
IIITD,5
Northern India Engg College (GGSIPU),5
SU,5
Rajagiri School of Engineering and Technology,5
LD College of Engineering / Gujarat University,5
mharana pratap college of technology gwalior,5
SWEC Hyd,5
SMIT,5
National Institue of Technology Karnataka,5
IIT Varanasi,5
Northeast Dianli Univ.,5
Inderprastha engineering college(Affiliated to Uttar Pradesh Technical university),5
Siliguri Institute of Technology,5
St.Francis Institute of Technology,5
TKR College of Engineering & Technology JNTU - Hyderabad,5
Ganpat University,5
Institute of Technology Nirma University,5
MGM JNEC Aurangabad,5
HNB Garhwal University/G B Pant Engineering College,5
Heritage University of Technology,5
Bannari Amman Institute Of Technology,5
D. A. V. V.,5
Heritage Institute of Technology,5
N I E Mysore,5
P.T.U.,5
Kanpur University,5
University of Rajasthan,5
DSI,5
IIPS DAVV,5
Government Engineering College Patan affilated with GTU,5
RKNEC Nagpur University,5
BBDIT Ghaziabad,5
Fr. CRIT Vashi Mumbai University,5
G.B.Pant University of Agriculture & Technology,5
PSIT UPTU,5
NIT MIZORAM,5
M S University,4
VITS,4
JUET Guna,4
mgit jntu-hyd,4
JSSATE India,4
R.D. National College,4
Velagapudi Ramakrishna Siddhartha Engineering College,4
SKNCOE,4
Birla Vishvakarma Mahavidyalaya,4
Sikkim Manipal University,4
davv,4
NIET,4
SNDT Women's University Mumbai,4
K.C. College Mumbai University,4
CET Odisha,4
Dr. Pauls Engineering College (Anna University),4
DY Patil University Navi Mumbai,4
Hautes Etudes d'Ingenieur,4
ANU,4
Fr. Rodrigues Institute of Technology,4
College Of Engg Chengannur,4
RKDF IST,4
Global Academy of Technology,4
VKIT,4
md university rohtak,4
SCOET,4
LDRP-ITR/GTU,4
NIT Arunachal Pradesh,4
JBIT (Afflliated to JNTU),4
RTU Kota / JECRC jaipur,4
SV NIT Surat,4
st.peter'e engineering college,4
S.R.M University,4
Sri Sairam Inst of Technology,4
Hi-Tech College of Engineering and Technology,4
RCON Nagpur Nagpur University,4
KMUTNB,4
K.L.C.E,4
MBSCET,4
Govt. college of Engg. Aurangabad,4
MIT Pune University,4
NIT RAIPUR,4
NMAMIT Nitte VTU Karnataka,4
National Institue of Technology Warangal,4
Sairam engg college(Anna University),4
SRMCEM Lucknow,4
RTU/Government Engineering College Ajmer,4
University of Jammu,4
Narsee Monjee Institute of Management studies,4
Naional Institute of Technology Raipur,4
University of Tehran,4
Padre Conceicao College Of Engineering,4
AIT,4
IIITDM-Jabalpur,4
Government College of Engineering Amravati,4
HBTI,4
Kalpataru Institute of Technology,4
Lovely Professional University,4
K.S. Institute of Technology,4
Sri Manakula Vinayagar Engineering College,4
MITS Rajasthan,4
Nit surat,4
ANITS,4
Shri Ramdeobaba Engineering College,4
Integral University,4
Govt. Engineering College Barton Hill,4
Priyadarshini College of Engineering,4
Dronacharya College of Engineering Affiliated to Maharishi Dayanand University Rohtak,4
MCA,4
SGGSIE&T; Nanded,4
Techno India College of Technology Rajarhat (West Bengal University of Technology),4
Army Institute of Technology,4
R.G.P.V Bhopal,4
University of Bristol,4
R.T.M.N.U.,4
Prathyusha Institute of Technology and Management,4
R.G.P.V.,4
Babu Banarasi Das NIT and Management Lucknow. UPTU,4
DU,4
S.V.University,4
School of Planning and Architecture New Delhi India,4
Indian Institute of Science Education and Research Bhopal,4
Jai Narain Vyas University Jodhpur,4
NIT-Raipur,4
Hanoi University of Science and Technology,4
Institute of Engineering and Management,4
Siksha O Anusandhan University,4
C.R State College of Engineering Murthal,4
Lingaya's University,4
SPIT,4
NIT-K Surathkal,4
Arizona State University,3
Bharath engineering college,3
MPSTME NMIMS,3
PTU-Dav Institue of Engineering and Technology,3
JSSATE VTU,3
GCET V.V.Nagar,3
Sona College,3
MVJ College of Engineering,3
MANIT (NIT) Bhopal,3
NIT-warangal,3
sri krishna devaraya university,3
IPU ( GTBIT),3
ssec anna university,3
TKR college of engineering and technology,3
IIIT Gwalior,3
ICFAI,3
KLS Gogte Institute of Technology,3
S.V.I.T.S. Indore,3
Univeristy of Pune,3
Univ in South Korea,3
LD Engineering Gujarat University,3
SCOE Pune,3
NIT-BHOPAL,3
kvw,3
Vardhaman,3
G.H Patel colg of Engg. Sardar Patel University,3
DIT Dehradun,3
Bansal Institute of Science and Technology,3
Fr. agnels vashi,3
BVDU,3
Padmashree Dr B V Raju Institute of Technology,3
Aurora College of Engineering,3
WIT Solapur,3
National Institue Of Technology Karnataka Surathkal,3
D.K.T.E. (Shivaji University Maharashtra),3
V J T I,3
Queen's University,3
Govt. Engineering College Trichur[University of Calicut],3
Tribhuvan University,3
MCE VTU (autonomous),3
Swami Vivekananda Institute of Science and Technology,3
MSEC,3
INSTITUTE OF ENGINEERING AND TECHNOLOGY,3
juit,3
Anna Univeristy,3
BUPT,3
Govt. College Of Engg. Aurangabad,3
Indus Inst. of Tech. and Eng.,3
Dr D Y Patil School of Engineering,3
RSCE University of Pune,3
AITR RGPV,3
GNIT (JNTU-H),3
MVJ College of Engineering Bangalore,3
Shri. G.S. Institute of Technology & Science,3
Rajasthan University,3
Greater Noida Institute Of Technology,3
VITU,3
NIT-Calicut,3
CCET,3
Govind Ballabh Pant Engg College,3
APSCE VTU,3
University of Petroleum and Energy Studies,3
R.G.P.V/Chamelidevi School Of Engineering,3
Acharya Institute of Technology,3
Arya Institute of Engg and Tech,3
Government Rajiv Gandhi Institute of Technology,3
GEC,3
IBA Pakistan,3
S.V.N.I.T,3
DKTE,3
American International University,3
Padmashree Dr D Y Patil University,3
Saurashtra University,3
A D Patel Institute Of Technology,3
NIT SILCHAR ASSAM INDIA,3
silicon institute of technology orissa,3
Sairam Engg College,3
M H Saboo Siddik,3
ciet,3
Ambedkar Institute of technology,3
Galgotia's College of Engineering and Tech.,3
Fore School of Management,3
St. vincent pallotti college iof engineering and technology,3
UMIT SNDT UNIVERSITY,3
LJIET,3
Gayatri Vidya Parishad College of Engineering,3
gayathri engineering college,3
TIT&Sc.;,3
ACCET,3
Shri Guru Gobind Singhji Institute of Engineering And Technology,3
Lakireddy Balireddy College of Engineering,3
I.I.T. Kharagpur,3
Khon Kaen University,3
KLEF UNIVERSITY,3
S. V. NIT Surat,3
BGIET,3
Bapuji Institute of Engineering and Technology,3
Lovely Professional Univesity,3
Govt Model Engineering College,3
M N M jain Engineering College,3
B.S ABDUR RAHMAN UNIVERSITY,3
GBTU(UPTU),3
WCE Sangli,3
nbnssoe,3
MGIT (JNTU),3
NIT Srinagar India,3
SPU,3
GJUS&T; Hisar Haryana(Campus),3
LJ Institue of Engineering and Technology,3
Crescent Engineering College,3
M.N.I.T. JAIPUR,3
Shri Vaishnav Institute Of Technology and Science,3
Lal Bahadur Shastri College of Engineering Kerala,3
KSRCT Anna university,3
NIT Trichy,3
FR. CRIT Vashi,3
ITME,3
Dr Mahalingam College of Engineering and Technology,3
Dr.AIT,3
Fr.C. Rodrigues Institute of Technology Vashi Navi Mumbai,3
U.V.Patel College of Engineering,2
Gurunanak institute of tech,2
NMAM Institute of technology,2
gnits,2
MITS,2
Vivesvarya Technological University,2
SRKR Engineering College,2
D.V.R College of Engineering and Technology,2
AIHT,2
Vishwakarma Govt. Engineering colllage,2
MGIT - JNTUH,2
0,2
ITESM,2
NIT Agartala,2
Ramdeobaba college of engg and management,2
indus institute,2
MREC(JNTUH),2
UIUC,2
SRKR Engineering college,2
BVP Pune,2
Cummins College of Engineering Pune,2
Institute of Engineering and Technology Devi Ahilya Vishwavidyalaya,2
Institute Of Engineering and Technology DAVV,2
Techno India,2
VR Siddhartha Engineering College Vijayawada,2
Parshvanath College of Engg,2
AMC Engineering College,2
BIT Sindri,2
GNDEC,2
GBPUAT pantnagar INDIA,2
Sri shakthi institute,2
UIET Punjab University,2
DBIT,2
Fr.C.Rodrigues Institute of Technology,2
SUNY buffalo,2
Burdwan University,2
University College of Engineering Jawaharlal Nehru Technological University,2
St Peters Avadi,2
KITS WARANGAL/KAKATIYA UNIVERSITY,2
Federal Institute of Science & Technology,2
Miami University,2
KITS Kakatiya University,2
Veer Surendra Sai UNiversity of Technology,2
R.M.D. ENIGINEERING COLLEGE,2
IIT Gandhinagar,2
COER UPTU,2
Institute of Engineering and Technology,2
Stani Memorial College of Engineering and Technology,2
University Institute Of Information technology,2
PCCOE,2
Sharif university of Technology,2
Vivekanand Edu Society's Instt of Technology(VESIT) Mumbai Univ,2
G.B.T.U,2
Shri Shankaracharya College of Engi & Tech Bhilai,2
G B Pant University Pantnagar,2
Kalinga Institute of Industrial Technology,2
Vishveswaraiah Technological University/Sri Jayachamarajendra College of Engineering Mysore,2
JMIT Radaur(Kurukshetra University),2
G.B.Pant University Of Ag and Tech,2
CRR College,2
GMRIT,2
Dr. MGR Educational and Research Institute,2
Xaviers,2
IIITM,2
UCEK JNTUK,2
PCE Nagpur,2
SRMS Bareilly,2
G.H. Raisoni College of Engineering,2
Acharya Institute of technology,2
Devi Ahilya University Indore,2
M.N.M Jain Engg College,2
Graphic Era university,2
Atria Institute of Technology,2
Gandhi Institute of technology and management,2
SSEC,2
BE,2
JU,2
Lahore University of Management Sciences,2
NIT-Jaipur,2
Dehradun Institute of Technology,2
National Institue of Technology Durgapur,2
RGUKT,2
SBMJain Coll,2
Ajalakshmi Engineering College,2
GVP Vishakapatnam,2
ITM University M.D.U. Rohtak,2
JUET,2
See mangalore/vtu Karnataka,2
G H Patel College of Engg & Tech,2
KKWIEER,2
SRKNEC NAGPUR UNIVERSITY,2
The People\\\\\\\\\\\\\\\\\\\\\\\\\\\\\\\'s University of Bangladesh,2
I.T.S. Engineering College- Gautam Buddha Tech University,2
L D R P Institute of Technology,2
I.E.T D.A.V.V.,2
Solapur University.,2
I.E.C College Of Engineering and technology,2
J.S.S.A.T.E,2
KSRM College of Engineering,2
AAMEC,2
Global Institute of Technology(RTU),2
Vivesvaraya Technological University,2
Mallla Reddy Engineering College,2
BBSBEC,2
Pujab Technical University/DAVIET,2
Mukesh Patel School of Technology Management and Engineering,2
St.Martin Engg College affiliated with JNTU,2
G.T.U,2
Galgotia College of Engg & Technology (UPTU),2
Mahaveer Institute Of Science of Technology,2
Maharashtra Academy Of Engineering - Pune University,2
u.p.t.u,2
B N M Institute of Technology,2
Abhinav Hi-Tech College Of Engineering,2
Swami Vivekananda Institute Of Technology,2
M.D.U,2
University college of engg OU,2
KIET,2
Sri Ramanujar Engg College,2
Government Engineering College Kozhikode,2
Bharath University,2
SGGS IE &T; nanded,2
M.G. University,2
nit raipur,2
SRKR Engg College,2
ACE Engineering College,2
RUC,2
Kandula Sreenivasula Reddy Memorial College Of Engineering,2
Govt. Rajiv Gandhi Institute of Technology,2
Advanced Engineering College,2
MRCET(affiliated to JNTUH),2
Vivekananda Institute Of Technology,2
Sri Indu College of Engineering and Technology,2
University of Calcutta,2
Institute of Engineering & Technology DAVV,2
MVGR College of Engg (JNTU-K),2
Kerala Agricultural University,2
Shri Shankaracharya College of Engineering and Technology,2
Khulna University of Engineering and Technology,2
Jayaprakash Narayan College of Engineering JNTU,2
MANIT Bhopal,2
Bachelors in Technology,2
NUAA,2
Anjuman college of Engineering and Technology,2
The Oxford college of engineering (VTU)),2
VGEC GTU,2
Bhoj Reddy Engineering College JNTU,2
GBTU,2
Government Engineering College Thrissur,2
Gurunanak Engineering college,1
kshatriya college of engineering JNTU-HYD,1
IIIT Delhi,1
G.H. Patel College of Engg & Tech,1
Savitribai Phule Pune University,1
Government College of Engineering Kannur,1
MIT College Pune Uni,1
Chandigarh Engineering College Mohali,1
K.L.E College of Engg and Technology,1
qis college of engineering and technology,1
PVGS Coet (pune university),1
Lingayas Institute of management and technology,1
AIACTR,1
NMREC,1
Iowa State University,1
MHSSCOE,1
Indian Institute of Science,1
HUST,1
VVCE,1
ZHCET,1
Galgotias college UPTU,1
Maamallan,1
SCHOOL OF PLANNING AND ARCHITECTURE BHOPAL,1
LDCE,1
CITM Faridabad,1
G.H.RAISONI COLLEGE OF ENGINEERING,1
S.D.M.C.E.T,1
PTU/Rayat and Bahra,1
Lokmanya Tilak College of Engineering,1
Ramakrishna College of Engineering,1
Inderprastha Engineering College,1
MGM CoET Noida,1
s.r.k.r engineering college,1
Sri Padmavathi Mahila Visvavidyalayam,1
St.Xavier's College,1
K. K. Engineering College,1
University of madras/ Vellammal Engineering College,1
Keshav memorial Institute of Technology Hyderabad,1
GIK Institute Pakistan,1
Jesus and Mary College University of Delhi,1
MEASI Academy of Architecture,1
NIT - Surthkal Karnatka,1
RUET,1
Ghulam Ishaq Khan Institute,1
LU,1
RITS,1
NUS,1
Portland State University,1
KIT CE,1
Sasi Institute of Technology and Engineering,1
K.C.College,1
Govt. College Of Engineering Pune (CoEP),1
Saboo Siddik,1
Colgate University,1
SAKEC University of Mumbai,1
tezpur university,1
H.B.T.I. Kanpur,1
BBDNITM,1
Govt. College of Engg Amravati(Autonomous Institute),1
Future Institute of Engineering and Management,1
MSU FTE,1
St. Xavier's college Kolkata,1
Notre Dame University Louaize,1
Madan Mohan Malaviya University of technology,1
Naval Polytechnical Academy,1
Fr Agnels vashi (MU),1
Heritage Institute,1
PVP Siddhartha Inst. of Tech,1
KLCE,1
mgit,1
Chhattisgarh Swami Vivekanand Technical University,1
IILM Acedmy Of Higher Learning greater Noida,1
NCET Bangalore,1
VI T University Vellore,1
Georgia Tech,1
Vidyavardhini's COE & Tech,1
MSIT,1
MMCOE,1
CIT Kokrajhar,1
SUSCET Tangori,1
GIKI,1
DASARI Rama Kotaiah Institute of science and technology,1
universidad javeriana cali,1
Jodhpur Institute of Engineering and Technology,1
IAMT Meerut UPTU,1
G.Narayanamma Institute of Technology and Science,1
JBREC,1
VIVA IT,1
Hitkarini College of Engineering & Technology,1
MGITER GTU affiliated,1
LDRP-ITR,1
SFIT,1
government engineering college surat,1
MITCOE,1
MV Jayaraman College of Engg(VTU),1
Gokaraju Rangaraju Institute of Engineering & Tech.,1
VITAE,1
Dhanalakshmi College of Engineering,1
College of Engineering Kallooppara,1
UoS,1
IRTT Erode Anna University,1
Alpha College of Engineering and Technology,1
M.H.S.S College of Engineering,1
North Maharashtra University,1
Sri Sant Gadge Baba amravati University Amravati,1
Rmd,1
Federal University of Itajuba (Brazil),1
NMIT,1
Fr.CRCE,1
SSITS,1
Anand Institute of Higher Technology,1
NIT-Surat,1
National Institute Of science & Technology,1
MPSTME NMIMS University,1
Govind Ballabh Pant Engineering College,1
Sant Gadge Baba Amravati University,1
Institute of Aeronautical Engineering,1
Watumull Institute University of Mumbai,1
Camellia School Of Engg. And Technology,1
IEC College Uttar Pradesh Technical University,1
SSCET CSVTU Bhilai,1
TKMCE,1
Sv univerity,1
SREC,1
Gokaraju Rangaraju Institute of Engineering and Technology Hyderabad,1
Noida Institute of Engineering & Technology,1
GVPCOE,1
Prince Shri Venkateshwara Padmavathy Engineering College,1
Malla Reddy College of Engineering and Technology,1
JCE,1
MMU,1
Basaveshwar Engineering College,1
Nalla Malla Reddy Engineering college,1
Sir CRR College of Engg,1
S.V.C.E,1
Institute of Engg. & Tech. Alwar(Rajasthan Technicacl University),1
TCE,1
B.S.A.Crescent Engineering College,1
R.N.S.I.T VTU,1
SAKEC Mumbai University,1
Swarna Bharathi College of Engineering,1
GBTU/UPTU,1
SRCOEM,1
A C Patil College of Engineering,1
BPPIMT,1
MSIT GGSIPU,1
S.G.S.I.T.S,1
bdce sevagram rtmnu nagpur university,1
Xavier Institute of Engineering University of Mumbai,1
MITS/affliated to JNTU,1
JNEC / BAMU,1
Jalpaiguri Govt. Engg. College,1
IET Bhaddal,1
Hindustan Aviation Academy,1
SRKNEC Nagpur University,1
Government College Of Engineering Aurangbad,1
PES College of Engineering Mandya (VTU),1
Case Western Reserve University,1
CEPT University,1
AISSMS IOIT,1
SGGSIE&T;,1
Purdue University,1
Keshav Memorial Institute Of Technology,1
JSSATE UP Technical University,1
M.V. Jayaram College Of Engineering,1
University Institute of Engineering and Technology Panjab University Chandigarh,1
GSITS,1
HBNI,1
Beijing University of Posts and Telecom,1
Univ of Louisiana at Lafayette,1
CITM,1
Chouksey Engineering College,1
SKSEM,1
R N S Institute of Technology,1
Univ of Pune,1
University College of Engineering,1
sgdcoe jalgaon,1
G.H. Patel College of Engineering and Technology,1
TKR College Of Engg & Tech,1
St. Martins Engineering College JNTU HYD,1
PDEA's College of Engineering Pune,1
St.Martin's engg college,1
MGIT,1
MIT- BAMU Univ(AWB-Maha),1
SPSU,1
Birla Institute Of Technology And Science/Tolani Maritime Institute,1
RGIT,1
MGIT-Hyd,1
Chaitanya Engineering Colege,1
K.D.K. College of Engineering,1
BITS Warangal,1
Avinashilingam University for Women,1
RGUHS,1
M.G.M. Medical College,1
Fudan University,1
University of Patras,1
American University of Sharjah,1
NTUA,1
U.P.T.U.,1
